turno,total_voos,risco_medio,alto_risco,pct_alto_risco
MADRUGADA,19,1.105263157894737,6,31.58
TARDE,58,1.0,15,25.86
MANHÃ,78,0.9743589743589743,20,25.64
NOITE,45,0.8888888888888888,11,24.44
