turno,total_voos,risco_medio,alto_risco,pct_alto_risco
TARDE,58,1.293103448275862,28,48.275862068965516
MANHÃ,78,1.2435897435897436,42,53.84615384615385
NOITE,45,1.0888888888888888,19,42.22222222222222
MADRUGADA,19,0.5789473684210527,5,26.31578947368421
