turno,total_voos,risco_medio,alto_risco,pct_alto_risco
TARDE,58,0.3448275862068966,4,6.896551724137931
MANHÃ,78,0.32051282051282054,2,2.564102564102564
MADRUGADA,19,0.3157894736842105,0,0.0
NOITE,45,0.28888888888888886,2,4.444444444444445
